video,task,prompt,detailed_prompt_cn
benchmark_videos/0a16d2122d7b9e9fe6c2a6aa65b658e6.mp4,subject_editing,"Replace the subject's clothing with a cleaner's outfit, consisting of a white inner shirt and an orange rubber apron, while keeping the camera trajectory, character actions, and voice consistent.",将主体的衣物替换为清洁工装扮，身穿白色的内衬和橘黄色的胶质围裙，保持摄像机轨迹和人物的动作与语音不变。
benchmark_videos/0a55e61e00be1b793b01d205b80e921c.mp4,subject_editing,"Replace the woman with a Black woman wearing a yellow vest, while keeping the camera path and the character's actions consistent.",将女人替换为黑人女性，身穿黄色背心，保持摄像机轨迹和人物的动作一致。
benchmark_videos/0b4200cfed4eb4b29f5732d0447c0c9e.mp4,subject_editing,"Replace the man with a bald figure whose face is covered in wrinkles, keeping the camera trajectory and the subject's actions unchanged.",将男人替换为光头形象，脸上全是皱纹，保持摄像机轨迹和主体的动作不变。
benchmark_videos/0bba0af818855deef3c978c8ed2c5d9b.mp4,subject_editing,"Replace the subject's clothing with a deep blue business suit, keeping the character's facial features, background, camera trajectory, and actions unchanged.",将主体的衣着替换为一套深蓝色的商务西装，保持人物的面部特征、背景、摄像机轨迹和动作不变。
benchmark_videos/0c012f5ac5af00076d7e2a5833413c51.mp4,subject_editing,"Replace the man's clothing with a plain white doctor's coat, keeping the subject's facial features, background, camera trajectory, and movements unchanged.",将男人的衣着替换为一纯白色的医生外套，保持人物的面部特征、背景、摄像机轨迹和动作不变。
benchmark_videos/0ed8e1b907ad825bff26115553a79965.mp4,subject_editing,"Replace the woman's clothing with a form-fitting white shirt, while keeping her facial features, the camera trajectory, and her movements unchanged.",将女人的衣着替换为一套修身的白色寸衫，保持人物的面部特征、摄像机轨迹和动作不变。
benchmark_videos/0f30f9e9bc6ee2091ec7683269f1445c.mp4,subject_editing,"Replace the man's clothing with a basketball uniform consisting of a deep blue vest and a white shirt, while keeping his facial features, gestures, and the background unchanged.",将男人的衣着替换为一套篮球服，服饰为深蓝色的背心和白色衬衫，保持其面部特征、手势和背景不变。
benchmark_videos/1a15cc636111fc205d70206d1ff42d51.mp4,subject_editing,"Replace the man's hair with thick blonde hair and give him smooth skin, while keeping his eyeglasses style, original clothing, and the background consistent.",将男人的头发替换为浓密的金发且皮肤光滑，保持其佩戴的眼镜款式、原本的衣着和背景一致。
benchmark_videos/3c21f32f5bd5583e8a996bfb4a7fc505.mp4,subject_editing,"Modify the young woman in the frame to an elderly Caucasian woman around 70 years old, featuring elegant silver curly hair and natural age-related wrinkles, while keeping her attire, actions, expression, camera path, and background unchanged.",将画面中的年轻女性修改为一位约70岁的老年白人女性，拥有一头优雅的银色卷发，脸上带有自然的岁月皱纹，保持她的服饰、动作、表情、摄像机轨迹和背景不变。
benchmark_videos/4df6b986bc4f7a1eb9f9c32f4c9db1aa.mp4,subject_editing,"Alter the man's attire in image_2bbb80.jpg to a crisp doctor's white coat over a dark shirt, while keeping his facial features, piercings, surprised expression, camera trajectory, and background unchanged.",将男人的衣着更换为一套笔挺的白色医生大褂，内搭深色衬衫，保持他的面部特征、穿孔、惊讶表情、摄像机轨迹和背景不变。
benchmark_videos/5f09aab36bc170c0bd93e06a1fc0bfb2.mp4,subject_editing,"Change the character in the frame to a man of a similar age with sharp facial features and prominent light stubble, wearing the same dark top, while keeping his expression, movements, camera trajectory, and background unchanged.",将画面中的人物更改为一个同龄的男性形象，拥有硬朗的面部轮廓和明显的短胡茬，身穿同样的深色上衣，保持他的表情、动作、摄像机轨迹和背景不变。
benchmark_videos/6c7847b8c9ca4fe767a586f9483de3b2.mp4,subject_editing,"Substitute the character's suit and tie for a bright orange work jacket, while keeping his facial features, hairstyle, demeanor, camera path, and background unchanged.",将人物的西装和领带更换为一件亮橙色的工装夹克，保持他的面部特征、发型、神态、摄像机轨迹和背景不变。
benchmark_videos/9a8036d7b30245a16fef0ef0c09140ab.mp4,subject_editing,"Transform the woman into a charcoal sketch style featuring bold shadow lines and paper texture, while the background remains in its original realistic foliage state, keeping the composition unchanged.",将女人的艺术风格替换为炭笔素描风格，呈现出粗犷的阴影线条和纸张质感，而背景保持原本的写实植物状态，保持画面中的构图不变。
benchmark_videos/9bb66cd1b25ab2065c131da1e56616f2.mp4,subject_editing,"Alter the character's attire to a black leather motorcycle jacket with textured details, while preserving the facial features, action of holding the microphone, camera trajectory, and background.",将人物的衣着更换为一件带有质感纹理的黑色机车皮夹克，保持其面部特征、持麦克风的动作、摄像机轨迹和背景不变。
benchmark_videos/3d2e3c6b011a19e8cc6e92a606f0078f.mp4,subject_editing,"Replace the woman's clothing with a set of pure white professional doctor's attire, while keeping her hairstyle, expression, camera trajectory, and the background unchanged.",将女人的衣着替换为一套纯白色的专业医生服饰，保持她的发型、神态、摄像机轨迹和背景不变。
benchmark_videos/4c57fba591f50be58ca233c760a73b3b.mp4,subject_editing,"Change the man's attire to a deep blue waiter's uniform paired with a black bow tie and a white undershirt, while keeping his facial features, hairstyle, expression, camera trajectory, and background unchanged.",将男人的衣着更换为一件深蓝色的服务员服饰，搭配黑色的领结和白色的内部衬衫，保持他的面部特征、发型、表情、摄像机轨迹和背景不变。
benchmark_videos/4c134aae9a6bb6f4035666ee181b62c3.mp4,subject_editing,"Replace the woman's clothing with a solemn black gown, while keeping her hairstyle, expression, camera trajectory, and background environment unchanged.",将女性的衣着更换为一件庄严的黑色礼服，保持她的发型、表情、摄像机轨迹和背景环境不变。
benchmark_videos/4e858100d4a540e8fb2d508365ae1af5.mp4,subject_editing,"Change the woman's clothing and necklace to a set of sleek black business suit and white shirt, while keeping her hairstyle, expression, camera movement, and background unchanged.",将女人的衣着和项链更换为一套干练的黑色商务西装和白衬衫，保持她的发型、表情、摄像机轨迹和背景不变。
benchmark_videos/5bcec44c82b29b5518784a94eb4192ff.mp4,subject_editing,"Change the man's clothing to a dark blue salesman uniform, while keeping his facial features, the documents he is handling, his actions and expressions, the camera trajectory, and the background unchanged.",将男士的衣着更换为一件深蓝色的推销员工作服，保持他的面部特征、正在处理的文件、动作神态、摄像机轨迹和背景不变。
benchmark_videos/5eb206e7135a7b06d7274482910094c7.mp4,subject_editing,"Change the character in the image to a 3D cartoon style, with neat light brown short hair, wearing the same gray sweater, keeping his expression, actions, camera movement, and background unchanged.",将画面中的人物更改3D卡通风格，拥有一头整齐的棕黄色短发，身穿同样的灰色毛衣，保持他的神情、动作、摄像机轨迹和背景不变。
benchmark_videos/6e16daf767ebaafd5e2ab7e4e6255c3a.mp4,subject_editing,"Present the character in a 3D comic style while keeping their original expression, actions, camera trajectory, and background environment consistent.",将人物呈现为3D美漫风格，保持其原本的神情、动作、摄像机轨迹及背景环境一致。
benchmark_videos/6eeeafc3aa6081a167794c3be58ed54d.mp4,subject_editing,"Change the man's clothing to Spanish carnival attire, wearing a white sports shirt and a strange hat, while keeping the person's facial features, expression, camera angle, and background unchanged.",将男人的衣着更改为西班牙狂欢节服饰，身穿白色的运动衬衣，戴着一顶奇怪的帽子，保持人物的面部特征、神情、摄像机轨迹和背景环境不变。
benchmark_videos/7abd55222f8fd390cc15aa88ddb32812.mp4,subject_editing,"Transform the man into a cyberpunk painting style with high-saturation neon colors and sharp digital illustration strokes, while keeping all characters, actions, and composition unchanged.",将人物的艺术风格替换为赛博朋克绘画风格，具有高饱和度的霓虹色彩和清晰的数字插画笔触，保持画面中所有的人物、动作和构图不变。
benchmark_videos/8b96d99c39b35ec5a1723216f5bf93e9.mp4,subject_editing,"Modify the characters in the scene to a ceramic style, while keeping their original clothing, the action of answering the phone, expressions, and background unchanged.",将画面中的人物修改陶瓷人的风格，保持其原本的衣着、接听电话的动作、神情及背景不变。
benchmark_videos/8f898963ed730d7dbaf260e1819be86e.mp4,subject_editing,"Transform the man into a 3D animation style with digital modeling textures, while the background remains in its original realistic poolside state, keeping the actions and composition unchanged.",将男人的艺术风格替换为3D动画风格，使其具有数字建模质感，而背景保持原本的写实泳池边状态，保持画面中的动作和构图不变。
benchmark_videos/1f3e390475b7a8f5887a1116d14d79b4.mp4,subject_editing,"Apply outlaw styling by adding a weathered cowboy hat, swapping spiked earrings for a single rusted stud, intensifying facial grime, adding a cheek scar, and making facial hair appear more disheveled.",通过添加一个风化的牛仔帽，将尖耳环换成生锈的单耳钉，加强面部污垢，增加一条脸颊疤痕，并使面部毛发看起来更加凌乱，来应用亡命之徒风格。
benchmark_videos/3df3168b95da1683665a964b73bb316e.mp4,subject_editing,Apply vibrant neon outlines to the person's suit and hat while preserving the original background and camera work.,在保持原始背景和摄影效果的同时，为这个人的西装和帽子添加鲜艳的霓虹轮廓。
benchmark_videos/2ecb1ae0fe618b6044eba07697c4ed4b.mp4,subject_editing,"Replace the individual's attire with standard bartender clothing including a white shirt, black vest, and dark apron while preserving all gestures, expressions, and scene details.",将个人的穿着更换为标准酒保服装，包括白衬衫、黑色背心和深色围裙，同时保留所有动作、表情和场景细节。
benchmark_videos/7c669225c902629064eaaad830643620.mp4,subject_editing,"Apply a vintage 80s VHS aesthetic with scan lines, color bleeding, and grainy texture to the person's visual appearance while preserving their original gestures and the room's background.",在保持人物原有动作和房间背景的同时，为人物的视觉外观应用复古80年代VHS美学，包括扫描线、颜色溢出和颗粒质感。
benchmark_videos/7ee07f62846fc7d4c01aafe30d945de6.mp4,subject_editing,"Modify the person's ethnicity to African descent while preserving all other visual elements including clothing, posture, background, and camera setup.",在保留所有其他视觉元素（包括服装、姿势、背景和摄影设置）的同时，将此人的种族修改为非洲血统。
benchmark_videos/9acf0a8d0913cead7d4d409a379b571e.mp4,subject_editing,Change the video's artistic style to a yellowed old photo look while keeping the expressions and composition in the frame unchanged.,将视频的艺术风格替换为泛黄的老照片风格，保持画面中的表情和构图不变。
benchmark_videos/4c8dca29e1877a3bbf72e9747c40f267.mp4,subject_editing,"Add a thick black beard and change his hair to pure white for the man in the picture, covering his face with natural wrinkles of age, while keeping his clothing, expression, camera trajectory, and background unchanged.",为画面中的男人添加浓郁的黑色胡须，头发变为纯白色，脸上布满自然的岁月皱纹，保持他的衣着、表情、摄像机轨迹和背景不变。
benchmark_videos/4dab8377c85d80a30265d9238c318bdd.mp4,subject_editing,"Change the person's suit in the scene to dark blue and have him wear a dark blue hat, keeping his expression, camera movement, and background environment unchanged.",将画面中的人物修改为的西装改成深蓝色，头戴一顶深蓝色的帽子，保持他的神情、摄像机轨迹和背景环境不变。
benchmark_videos/4fc0185198b61f9e174f08012ac47e59.mp4,subject_editing,"Change the hair color of the woman in the image to dazzling pink, keeping her robe, expression, camera movement, and background unchanged.",将画面中的女性的头发颜色改为炫粉色，保持她的长袍、神情、摄像机轨迹和背景不变。
benchmark_videos/5edd3ba3f6a5a9b025f7cc9331215735.mp4,subject_editing,"Change the character's style to Japanese cartoon style, with naturally curly pure white hair, while keeping her hairstyle outline, side profile expression, camera trajectory, and background unchanged.",将人物的风格修改为日式卡通风格，拥有一头纯白色的自然卷发，保持她的发型轮廓、侧脸神情、摄像机轨迹和背景不变。
benchmark_videos/5f4ebe28562c303702d06dac5f5011c0.mp4,subject_editing,"Modify the woman in the image to have an Asian face, with short black hair, while keeping her golden dress, the pose of holding the microphone, the camera movement, and the background unchanged.",将画面中的女性修改亚洲面孔，拥有一头黑色的短发，保持她的金色礼服、持有麦克风的姿态、摄像机轨迹和背景不变。
benchmark_videos/6fd73ef50f9dc60a9ec3c5458339abc3.mp4,subject_editing,"Change the man's hairstyle in the image to long hair, add a deeper voice, and keep his suit and tie, expression, camera movement, and background unchanged.",将画面中的男人的发型修改为长发，添加更浓厚的声音，保持他的西装领带、神情、摄像机轨迹和背景不变。
benchmark_videos/005a3acc1e427c193327e7ebbcdf2fb6.mp4,subject_editing,"Transform the woman in the frame into an elderly woman with short silver-white hair and natural facial wrinkles, while maintaining her blue suit, jewelry, expression, camera trajectory, and background unchanged.",将画面中的女性修改为一个老人形象，拥有一头银白色的短发，脸上带有自然的岁月皱纹，保持她的蓝色西装、首饰、表情、摄像机轨迹和背景不变。
benchmark_videos/9c294b1e5a78f054366884c600aa2fe1.mp4,subject_editing,Replace the visible lower portion of the subject's face with a traditional black ninja mask extending from the nose downward.,将被摄者面部可见的下半部替换为从鼻子向下延伸的传统黑色忍者面具。
benchmark_videos/14e5ff8385c92d3685e51a800e8c2520.mp4,subject_editing,"Replace the subject's dark brown T-shirt with a race car driver's branded fire-resistant racing suit while preserving all other visual elements like background, lighting, and physical posture.",将主体的深棕色T恤替换为赛车手品牌的耐火赛车服，同时保留所有其他视觉元素，如背景、光线和身体姿势。
benchmark_videos/00fa301cc3269ed01e4cf7a2dcb6aa76.mp4,background_editing,"Replace the glass windows in the background with a neon-lit cityscape of skyscrapers; the background audio should include the sounds of car horns honking; preserve the foreground, camera trajectory, character movements, and dialogue.",将背景的玻璃窗替换为霓虹闪烁的都市高楼景色，背景声音有汽车的鸣笛声，保留前景，摄像机轨迹和人物的动作与对话。
benchmark_videos/4ad0a82cf4e5733a9c25b9014809045b.mp4,background_editing,"Alter the background to a high-tech modern office with floor-to-ceiling windows overlooking a bustling city skyline, while keeping the foreground character, laptop, camera trajectory, and movements unchanged.",将背景更改为一间拥有落地窗的高科技现代办公室，窗外可见繁华的城市天际线，保持前景的人物、笔记本电脑、摄像机轨迹和动作不变。
benchmark_videos/4b316e33a0b4f599e787c7328ed6b261.mp4,background_editing,"Replace the background with a sunny desert ranch setting, while keeping the person, clothing, headwear, expression, and camera trajectory in the foreground consistent.",将背景替换为充满阳光的荒漠牧场背景，保持前景的人物形象、衣着、头饰、神态和摄像机轨迹一致。
benchmark_videos/8b87aea18dd782c346a420aa5559cc79.mp4,background_editing,"Replace the background with a castle standing on the grassland, built with brownish-yellow bricks, while keeping the character in the foreground, their clothing, closed-eye action, and camera trajectory exactly the same.",将背景替换为草原上屹立的城堡，用棕黄色的砖块搭建，保持前景中人物的形象、衣着、闭目动作和摄像机轨迹完全一致。
benchmark_videos/8b7610b72ad9b31799b80ee70a209fc8.mp4,background_editing,"Substitute the background for a sea-view room, where the ocean can be seen through the floor-to-ceiling windows, while keeping the foreground character, attire, action of holding the microphone, and demeanor perfectly consistent.",将背景替换为海景房，透过落地窗可见大海，保持前景中人物的形象、衣着、持麦克风的动作及神态完全一致。
benchmark_videos/8d9e12df7a5e1b064aa26c87a83763f0.mp4,background_editing,"Substitute the background for a seaside park while keeping the foreground character, attire, expression, and camera trajectory perfectly consistent.",将背景替换为一个海边的公园，保持前景中人物的形象、衣着、表情动作和摄像机轨迹完全一致。
benchmark_videos/8dd1640716a3c45df75545f5e1684648.mp4,background_editing,"Substitute the background for a dreamy magical primordial forest, while keeping the foreground character, attire, actions, and camera trajectory perfectly consistent.",将背景替换为梦幻的魔法原始森林，保持前景中人物的形象、衣着、动作和摄像机轨迹完全一致。
benchmark_videos/9d66b7905f45d7561954c62beee0699f.mp4,background_editing,"Substitute the background for a lake and snow-capped mountains on the plateau, while keeping the foreground character, attire, expression, and camera trajectory perfectly consistent.",将背景替换为高原上的湖泊和雪山，保持前景中人物的形象、衣着、表情动作和摄像机轨迹完全一致。
benchmark_videos/a9262e60d3ffcf3d21d1771881b23c43.mp4,background_editing,"Replace the background with a New York high-rise apartment living room at late night, with a neon-flashing city skyline visible through the floor-to-ceiling windows, while keeping the person's image, clothing, actions, magazine poster, and expression in the foreground completely consistent.",将背景替换为深夜的纽约高层公寓客厅，透过落地窗可以看到霓虹闪烁的城市天际线，保持前景中人物的形象、衣着、动作、杂志海报及神态完全一致。
benchmark_videos/a56f37e26b9942b21aabf217b8627498.mp4,background_editing,"Replace the background with a snow-covered forest log cabin, with heavy snow and distant cedar forests visible through the window, and faint warm light from a fireplace inside, while keeping the person's image, clothing, the action of leaning against the window, and solemn expression in the foreground completely consistent.",将背景替换为大雪覆盖的森林木屋，透过窗户可以看到漫天飞雪和远处的雪松林，室内透出壁炉微弱的暖光，保持前景中人物的形象、衣着、靠窗的动作及凝重的神态完全一致。
benchmark_videos/1188783e89231b967bc581a8a896c0ec.mp4,background_editing,"Replace the background with a New York high-rise apartment living room at late night, with a neon-flashing city skyline visible through the floor-to-ceiling windows, while keeping the person's image, clothing, actions, and solemn expression in the foreground completely consistent.",将背景替换为深夜的纽约高层公寓客厅，透过落地窗可以看到霓虹闪烁的城市天际线，保持前景中人物的形象、衣着、动作及肃穆的神态完全一致。
benchmark_videos/647504f3d9e9f84626ea631e9b5d9169.mp4,background_editing,"Replace the background with a private study at late night, with quiet city night lights visible outside the window, while keeping the person's image, clothing, actions, and contemplative head-down expression in the foreground completely consistent.",将背景替换为深夜的私人书房，窗外是安静的城市夜景灯光，保持前景中人物的形象、衣着、动作及低头思索的神态完全一致。
benchmark_videos/97901d31cad688c490d0075506383c99.mp4,background_editing,"Replace the background with a dense temperate forest, with sunlight filtering through the leaves to create dappled shadows and the ground covered in fallen leaves, while keeping the person's image, clothing, the action of smiling down, and expression in the foreground completely consistent.",将背景替换为茂密的温带森林，阳光穿过树叶洒落斑驳光影，地面铺满落叶，保持前景中人物的形象、衣着、低头微笑的动作及神态完全一致。
benchmark_videos/87646bfaa610ff2e7fe469e40a6b7b72.mp4,background_editing,"Replace the background with the interior of an ancient and mystical crystal cave, with walls embedded with glowing blue crystals and runes, and soft phosphorescence illuminating the space, while keeping the person's image, clothing, actions, and expression in the foreground completely consistent.",将背景替换为古老而神秘的水晶洞穴内部，墙壁上镶嵌着发光的蓝色水晶和符文，柔和的荧光照亮空间，保持前景中人物的形象、衣着、动作及神态完全一致。
benchmark_videos/81613e548f033fca0f8c53e43d1a2a5d.mp4,background_editing,"Replace the background with a grand steampunk airship command center, with rolling seas of clouds and distant floating mechanical cities visible through the portholes, while keeping the person's image, clothing, tie, and intriguing gaze in the foreground completely consistent.",将背景替换为宏伟的蒸汽朋克风格飞艇指挥室，透过舷窗可以看到翻滚的云海和远处悬浮的机械城市，保持前景中人物的形象、衣着、领带及耐人寻味的眼神完全一致。
benchmark_videos/8182a5c176a3ca31c151c8a2354aa066.mp4,background_editing,"Replace the background with a lakeside forest in autumn, featuring shimmering lake water and colorful maple trees, with the soft glow of the setting sun filtering through the woods, while keeping the person's image, clothing, the action of looking to the side, and expression in the foreground completely consistent.",将背景替换为秋季的湖畔森林，背景中有波光粼粼的湖水和色彩斑斓的枫树林，柔和的夕阳余晖洒在林间，保持前景中人物的形象、衣着、侧头看向一旁的动作及神态完全一致。
benchmark_videos/db7a7edd7a5f1436c914d668b1793e3b.mp4,background_editing,"Replace the background with a moonlit bamboo forest, where a thin layer of white frost covers the ground and cold moonlight filters through the bamboo leaves, while keeping the person's image, Hanfu clothing, hair accessories, earring details, and sorrowful expression in the foreground completely consistent.",将背景替换为月光下的竹林深处，地面覆盖着薄薄的白霜，清冷的月光透过竹叶洒落，保持前景中人物的形象、汉服衣着、发饰耳环细节及哀伤的神态完全一致。
benchmark_videos/d4893139f163a244507538cb51861289.mp4,background_editing,"Replace the background with a busy, modern news live broadcast control room, featuring a wall of monitors displaying various global news feeds and staff working at their stations, while keeping the person's image, clothing, glasses, and contemplative expression in the foreground completely consistent.",将背景替换为繁忙的现代化新闻直播间控制室，背景中布满显示各种全球新闻画面的显示屏墙，工作人员正在工位上忙碌，保持前景中人物的形象、衣着、眼镜及若有所思的神态完全一致。
benchmark_videos/100c5288d4ebc4534f59fce8e24ce8e3.mp4,background_editing,"Replace the background with a private study at late night, with quiet city night lights visible outside the window, and dim lighting inside, while keeping the person's image, clothing, curly hair details, and contemplative head-down expression in the foreground completely consistent.",将背景替换为深夜的私人书房，窗外是安静的城市夜景灯光，室内光线昏暗，保持前景中人物的形象、衣着、卷发细节及低头思索的神态完全一致。
benchmark_videos/85ceb7e7a552d980e0ec1d19606c6952.mp4,background_editing,"Replace the background with a serene garden at dusk, featuring flowering plants and a stone path, with the soft glow of the setting sun filtering through the garden, while keeping the person's image, clothing, hat, and sorrowful, worried expression in the foreground completely consistent.",将背景替换为暮色下的宁静花园，背景中有开花植物和石径，柔和的夕阳余晖洒在花园中，保持前景中人物的形象、衣着、帽子及悲伤担忧的神态完全一致。
benchmark_videos/b7b83e4aec8eb9fc1d9eaa750232f9b8.mp4,background_editing,"Replace the background with a Russian-style palace garden, with dense greenery in the background, while keeping the figure in the foreground, clothing, necklace, posture, and expression exactly the same.",将背景替换为俄式皇宫花园，背景中有茂密的绿植，保持前景中人物的形象、衣着、项链、动作及神态完全一致。
benchmark_videos/a0358379250d1567fadabcd82c440bbb.mp4,background_editing,"Replace the background with a national historical park, displaying ancient sculptures and decorations in the background, while keeping the character in the foreground, their clothing, orange headband, actions, and expressions exactly the same.",将背景替换为一家国家历史公园，背景中陈列着古老的雕塑和装饰，保持前景中人物的形象、衣着、橙色发带、动作及神态完全一致。
benchmark_videos/af11fec0785c32e4e3f0681bfdba8225.mp4,background_editing,"Replace the background with a huge electronic screen, with neon-flashing giant billboards and towering skyscrapers on the screen, keeping the character in the foreground, their clothing, the action of holding the microphone, and their expression completely unchanged.",将背景替换为巨大的电子屏，屏幕里是霓虹闪烁的巨型广告牌和高耸的摩天大楼，保持前景中人物的形象、衣着、持麦克风的动作及神态完全一致。
benchmark_videos/51770227e4ddbf01e18e2c90000e09af.mp4,background_editing,"Replace the background with an upscale, art-filled park, with snow-capped mountains in the distance, while keeping the person in the foreground exactly the same in appearance, clothing, tie, and serious expression.",将背景替换为一家高级、充满艺术气息的公园，远处是白雪皑皑的高山，保持前景中人物的形象、衣着、领带及严肃的神态完全一致。
benchmark_videos/27162f113f0ecd27d9dff275dc28910a.mp4,background_editing,"Replace the background with a tranquil beach at dusk, the sea reflecting the afterglow of the sunset, with faint lighthouse light in the distance, keeping the image, facial details, and the sorrowful expression with tear streaks of the person in the foreground completely unchanged.",将背景替换为傍晚的静谧海滩，海面映射着落日的余辉，远方有微弱的灯塔光影，保持前景中人物的形象、面部细节及哀伤且带有泪痕的神态完全一致。
benchmark_videos/14663cc465e60a2e37a5b53890d2378a.mp4,background_editing,"Replace the background with a desolate coastline under a rainy sky, with the ground wet and reflecting cool-toned light and shadows, while keeping the characters in the foreground exactly the same in appearance, expression, and serious gaze.",将背景替换为阴雨天下的荒野海岸，地面湿漉漉的并映射着冷色调的光影，保持前景中人物的形象、神情及严肃的目光完全一致。
benchmark_videos/2226e1ea5712b37eef8fd0eb7bfe3e2d.mp4,background_editing,"Replace the background with the balcony of a private doctor's office, with quiet city lights outside the window, keeping the character in the foreground exactly the same in appearance, clothing, posture, and expression full of concern and worry.",将背景替换为私人医生办公室阳台，窗外是安静的城市灯光，保持前景中人物的形象、衣着、动作及充满关切和忧虑的神态完全一致。
benchmark_videos/4923e4ab659f9e0a7b9543db592ce009.mp4,background_editing,"Replace the background with a magnificent ancient Chinese council hall, with towering buildings hung with circular mysterious emblems, keeping the characters in the foreground exactly the same in appearance, clothing, beard details, and serious and focused expressions.",将背景替换为宏伟的中式古代议事大厅，高耸的建筑悬挂着圆形神秘纹章，保持前景中人物的形象、衣着、胡须细节及严肃且专注的神态完全一致。
benchmark_videos/716216a707700140d1db882446b98676.mp4,background_editing,"Replace the scenery outside the window with an ancient primeval forest, keeping the figure, clothing, expression, and actions of the person in the foreground completely unchanged.",将窗外的景色替换为古老的原始森林，保持前景中人物的形象、衣着、表情及动作完全一致。
benchmark_videos/0f8f4eaa867d822c24c199eae36d29a9.mp4,background_editing,"Replace the background with a holographic electronic screen, keeping the appearance, clothing, expression, and actions of the person in the foreground completely the same.",将背景替换为全息电子屏，保持前景中人物的形象、衣着、表情及动作完全一致。
benchmark_videos/15f317acff000801944177f056d42b9e.mp4,speech_editing,"Alter the character's dialogue to: ""This is the truth."", with lip-syncing adjusted to match while maintaining all other visual elements in the frame unchanged.",变更人物台词为：“这就是真相。”，并同步调整口型以匹配，保持画面中其他视觉要素不变。
benchmark_videos/987e733ca4c00515b6f6ca232d059b2f.mp4,speech_editing,"Modify the character's dialogue to: ""The evidence we found in the lab is undeniable."", with lip-syncing adjusted to match while maintaining all other visual elements in the frame unchanged.",将人物台词修改为：“我们在实验室发现的证据是不可否认的。”，并同步调整口型以匹配，保持画面中其他视觉要素不变。
benchmark_videos/990b4d63e9519c7486f82e21e5cf9f72.mp4,speech_editing,"Alter the character's dialogue to: ""We have exactly three minutes before the system resets."", with lip-syncing adjusted to match while maintaining all other visual elements in the frame unchanged.",变更人物台词为：“在系统重置之前，我们正好还有三分钟。”，并同步调整口型以匹配，保持画面中其他视觉要素不变。
benchmark_videos/27162f113f0ecd27d9dff275dc28910a.mp4,speech_editing,"Modify the character's dialogue to: ""Wait, I think I just heard some kind of noise from the basement."", with lip-syncing adjusted to match while maintaining all other visual elements in the frame unchanged.",将人物台词修改为：“等等，我刚才好像听到地下室传来了某种声音。”，并同步调整口型以匹配，保持画面中其他视觉要素不变。
benchmark_videos/160005ab26716dc711e5d8318f316593.mp4,speech_editing,"Modify the character's dialogue to: ""I never thought the data patterns would evolve into something this unpredictable."", with lip-syncing adjusted to match while maintaining all other visual elements in the frame unchanged.",将人物台词修改为：“我从没想过，数据模式会演变成这种不可预测的状态。”，并同步调整口型以匹配，保持画面中其他视觉要素不变。
benchmark_videos/1188783e89231b967bc581a8a896c0ec.mp4,speech_editing,"Adjust the character's dialogue to: ""Whatever happens next, we need to make sure the backup servers stay online."", with lip-syncing adjusted to match while maintaining all other visual elements in the frame unchanged.",调整人物台词为：“无论接下来发生什么，都要确保备份服务器处于在线状态。”，并同步调整口型以匹配，保持画面中其他视觉要素不变。
benchmark_videos/a2a2fe5927420d2c107c6ee8d7b31bee.mp4,speech_editing,"Replace the character's dialogue with: ""Look at the screen; the error code matches the one from the original test."", with lip-syncing adjusted to match while maintaining all other visual elements in the frame unchanged.",将人物台词换成：“你看屏幕，当前的错误代码和我们最初测试时的一模一样。”，并同步调整口型以匹配，保持画面中其他视觉要素不变。
benchmark_videos/9e5ff7bb3fdc77fc2fd6329fd2800da0.mp4,speech_editing,"Replace the character's dialogue with: ""A massive jellyfish bloom has completely overtaken the coastal waters now."" while maintaining all visual elements and background sounds identical to the original scene.",将人物台词替换为：“大片的水母群现在已经完全占领了沿海水域。”，同时保持所有视觉元素和背景声音与原场景完全相同。
benchmark_videos/14aea52a210accda450fec3ae0c1dcbb.mp4,speech_editing,"Change the character's dialogue to: ""We're seeing supply chain delays everywhere."" while maintaining all visual elements and background sounds identical to the original scene.",将人物台词更改为：“我们看到各处都出现了供应链延迟。”，同时保持所有视觉元素和背景声音与原场景完全相同。
benchmark_videos/99e875c814283eef6cafb42068b6c30a.mp4,speech_editing,"Substitute the character's dialogue with: ""Hold tight as the dragon takes flight."" while maintaining all visual elements and background sounds identical to the original scene.",将人物台词替换为：“巨龙腾飞之际，请抓稳了。”，同时保持所有视觉元素和背景声音与原场景完全相同。
benchmark_videos/163c4d6e87bbbb3592bfed9f0e51c732.mp4,speech_editing,"Change the character's dialogue to: ""I started as a digital nomad. Now I work from beach cafes."" while maintaining all visual elements and background sounds identical to the original scene.",将人物台词更改为：“我最初是一名数字游民，现在我在海滨咖啡馆工作。”，同时保持所有视觉元素和背景声音与原场景完全相同。
benchmark_videos/435b948be86201ae3772583ac8530555.mp4,speech_editing,"Alter the character's dialogue to: ""Your garden landscaping needs more vibrant seasonal plants."" while maintaining all visual elements and background sounds identical to the original scene.",变更人物台词为：“你的花园景观需要更多充满生机的季节性植物。”，同时保持所有视觉元素和背景声音与原场景完全相同。
benchmark_videos/449fac9af5ed5322fba3a255c73ed8f0.mp4,speech_editing,"Adjust the character's dialogue to: ""The city's top muralist just finished a stunning new downtown mural."" while maintaining all visual elements and background sounds identical to the original scene.",调整人物台词为：“市里顶尖的壁画家刚刚完成了一幅令人惊叹的市中心新壁画。”，同时保持所有视觉元素和背景声音与原场景完全相同。
benchmark_videos/483f17abebd6557096643feb2d0a7ab7.mp4,speech_editing,"Substitute the character's dialogue with: ""Now string the beads carefully."" while maintaining all visual elements and background sounds identical to the original scene.",将人物台词替换为：“现在仔细地把珠子串起来。”，同时保持所有视觉元素和背景声音与原场景完全相同。
benchmark_videos/501a6f6a5ea24ec8307ac20df722b0e7.mp4,speech_editing,"Replace the character's dialogue with: ""After three months of renovation, the homeowners were thrilled with their new kitchen."" while maintaining all visual elements and background sounds identical to the original scene.",将人物台词替换为：“经过三个月的装修，房主们对他们的新厨房感到非常兴奋。”，同时保持所有视觉元素和背景声音与原场景完全相同。
benchmark_videos/a0358379250d1567fadabcd82c440bbb.mp4,speech_editing,"Modify the character's dialogue to: ""Profit margins require immediate strategic adjustments."" while maintaining all visual elements and background sounds identical to the original scene.",将人物台词修改为：“利润率需要立即进行战略调整。”，同时保持所有视觉元素和背景声音与原场景完全相同。
benchmark_videos/1da480021bac4a6c8f490ec48d4472d6.mp4,speech_editing,"Modify the character's dialogue to: ""These leather boots are perfect for any adventure."" while maintaining all visual elements and background sounds identical to the original scene.","将人物台词修改为：""These leather boots are perfect for any adventure.""，同时保持所有视觉元素和背景声音与原场景完全相同。"
benchmark_videos/83f3a2099528a4448b58d3df28be8d03.mp4,speech_editing,"Change the character's dialogue to: ""You'll love how soft and breathable this linen shirt feels today."" while maintaining all visual elements and background sounds identical to the original scene.","将人物台词更改为：""You'll love how soft and breathable this linen shirt feels today.""，同时保持所有视觉元素和背景声音与原场景完全相同。"
benchmark_videos/367a1a5e2587301af7e928d91c22c04f.mp4,speech_editing,"Replace the character's dialogue with: ""Hundreds joined the protest march against rising fuel prices today."" while maintaining all visual elements and background sounds identical to the original scene.","将人物台词替换为：""Hundreds joined the protest march against rising fuel prices today.""，同时保持所有视觉元素和背景声音与原场景完全相同。"
benchmark_videos/a2bb49e0b1bf1597fadabd32639b36af.mp4,speech_editing,"Update the character's dialogue to: ""I never expected how much I'd grow through this journey."" while maintaining all visual elements and background sounds identical to the original scene.","更新人物台词为：""I never expected how much I'd grow through this journey.""，同时保持所有视觉元素和背景声音与原场景完全相同。"
benchmark_videos/dcb9c2553d91bd08a4be2d2b6cfa71e0.mp4,speech_editing,"Adjust the character's dialogue to: ""I can't see the foggy bridge at all."" while maintaining all visual elements and background sounds identical to the original scene.","调整人物台词为：""I can't see the foggy bridge at all.""，同时保持所有视觉元素和背景声音与原场景完全相同。"
benchmark_videos/5b2dde6389d69ab839c2a7a44d4050aa.mp4,speech_editing,"Replace the character's dialogue with: ""I love this penthouse apartment."" while maintaining all visual elements and background sounds identical to the original scene.","将人物台词替换为：""I love this penthouse apartment.""，同时保持所有视觉元素和背景声音与原场景完全相同。"
benchmark_videos/5c7bd946a5e28008285c4bd59588900d.mp4,speech_editing,"Change the character's dialogue to: ""I write three things I'm grateful for daily."" while maintaining all visual elements and background sounds identical to the original scene.","将人物台词更改为：""I write three things I'm grateful for daily.""，同时保持所有视觉元素和背景声音与原场景完全相同。"
benchmark_videos/6b9793f7cb72a193c1776394cc3af516.mp4,speech_editing,"Modify the character's dialogue to: ""I need to grab milk, bread, and eggs now."" while maintaining all visual elements and background sounds identical to the original scene.","将人物台词修改为：""I need to grab milk, bread, and eggs now.""，同时保持所有视觉元素和背景声音与原场景完全相同。"
benchmark_videos/548792782ff82f755256853524e1672e.mp4,speech_editing,"Alter the character's dialogue to: ""We were in the drum circle like, wow, this is where real musical magic happens right now!"" while maintaining all visual elements and background sounds identical to the original scene.","变更人物台词为：""We were in the drum circle like, wow, this is where real musical magic happens right now!""，同时保持所有视觉元素和背景声音与原场景完全相同。"
benchmark_videos/c4cad8c147549ce51a965bd92ee00022.mp4,speech_editing,"Replace the character's dialogue with: ""Shut off the water valve. Replace the old rubber washer."" while maintaining all visual elements and background sounds identical to the original scene.","将人物台词换成：""Shut off the water valve. Replace the old rubber washer.""，同时保持所有视觉元素和背景声音与原场景完全相同。"
benchmark_videos/2d5213676ff434e685383ffca1871ee9.mp4,speech_editing,"Replace the character's dialogue with: ""Sleep well and eat right for an immunity boost."" while maintaining all visual elements and background sounds identical to the original scene.","将人物台词替换为：""Sleep well and eat right for an immunity boost.""，同时保持所有视觉元素和背景声音与原场景完全相同。"
benchmark_videos/8c4a15f0bb925b58d5d648dbee7919a4.mp4,speech_editing,"Alter the character's dialogue to: ""This wildflower meadow bursts with color and hums with busy bees."" while maintaining all visual elements and background sounds identical to the original scene.","变更人物台词为：""This wildflower meadow bursts with color and hums with busy bees.""，同时保持所有视觉元素和背景声音与原场景完全相同。"
benchmark_videos/44b992fcf4ec0a09ae5b9685ce7c6843.mp4,speech_editing,"Replace the character's dialogue with: ""Shut off the water valve. Replace the old rubber washer."" while maintaining all visual elements and background sounds identical to the original scene.","将人物台词换成：""Shut off the water valve. Replace the old rubber washer.""，同时保持所有视觉元素和背景声音与原场景完全相同。"
benchmark_videos/95b8d1aa8fe69cf6f1efd00779302ab3.mp4,speech_editing,"Change the character's dialogue to: ""Mentorship rocks."" while maintaining all visual elements and background sounds identical to the original scene.","将人物台词替换为：""Mentorship rocks.""，同时保持所有视觉元素和背景声音与原场景完全相同。"
benchmark_videos/2b2f2fc6fe70666c528e5bba0e673f93_scene.mp4,subject_addition,"Include a bald man in a dark pinstripe suit, white dress shirt, orange and blue striped tie, and FBI badge standing near the door while speaking.",包括一名光头男子，穿着深色条纹西装、白色衬衫、橙蓝相间的条纹领带，佩戴FBI徽章，站在门旁讲话。
benchmark_videos/2fcdaa1c1509e5ac01a29c11c9fad950_scene.mp4,subject_addition,"Position the elderly man with a bald head and mustache, dressed in a dark blue shirt and wearing a gold pendant necklace, within the empty room featuring brick walls and windows as if he is speaking.",将这位秃头、留着胡子的老人，他穿着深蓝色的衬衫，戴着金色吊坠项链，摆放在有砖墙和窗户的空房间里，就像他正在说话一样。
benchmark_videos/4ecfbd532a27194890442f7cdb845f85_scene.mp4,subject_addition,"Include a man in a light blue shirt and red patterned tie seated at a desk with a typewriter, with his spoken dialogue audible over the ambient room sounds.",包括一名穿浅蓝色衬衫和红色花纹领带的男子，他坐在有打字机的办公桌前，他的对话声可以在环境声中听到。
benchmark_videos/5a8824fff995b17155b023e93200dc27_scene.mp4,subject_addition,"Include a seated man in a vest with clasped hands at the desk, ensuring all background elements and ambient sounds remain unchanged.",在桌旁加入一个穿背心、双手交叉的坐着的男人，同时确保所有背景元素和环境声音保持不变。
benchmark_videos/8b10d11cafa536c895ab2a643ff56ed9_scene.mp4,subject_addition,"Insert a person with blue hair, facial markings, and a black leather jacket into the futuristic interior background while maintaining the original camera movement and lighting.",在未来主义室内背景中加入一个拥有蓝色头发、脸部标记和黑色皮夹克的人物，同时保持原有的相机移动和光线。
benchmark_videos/978efa6d6a7a4633aa66e48f70ab5236_scene.mp4,subject_addition,"Include the woman wearing a dark top, multiple layered necklaces, and earrings in the scene with her speaking dialogue, while maintaining the leather chair background and ambient music.",在场景中加入穿着深色上衣、戴着多层项链和耳环的女性，让她说台词，同时保持皮革椅子背景和环境音乐。
benchmark_videos/496f09ff78503af3d76f5b7c310e1291_scene.mp4,subject_addition,Include the curly-haired person in the blue sweatshirt speaking in the scene while maintaining the original background and ambient sounds.,在场景中包括穿蓝色运动衫、卷发的人发言，同时保持原有的背景和环境声音。
benchmark_videos/417f43ae55c3720bfbce82fe352e3dbe_scene.mp4,subject_addition,Place the person in the black sleeveless top holding a small object into the empty hallway scene.,将穿黑色无袖上衣、手持小物件的人放入空荡的走廊场景中。
benchmark_videos/91d4126bc60194feee0a6ab600d980de_scene.mp4,subject_addition,"Place a person with a bun wearing a gray top into the kitchen scene, including their hand movements near the face and audible speech.",把一个发髻、穿灰色上衣的人放入厨房场景中，包括他们在脸部附近的手部动作和可听见的说话声。
benchmark_videos/89b496e05a8d6bca72fc8612e1fa9b88_scene.mp4,subject_addition,Position the person in the beige military-style uniform with a backpack into the scene against the stone wall backdrop while maintaining the existing ambient music.,将穿着米色军装、背着背包的人放入以石墙为背景的场景中，同时保持现有的环境音乐。
benchmark_videos/73d63d4dee966d3fad1886737cb8f855_scene.mp4,subject_addition,"Position the man in the black tuxedo in the foreground before the chain-link fence, ensuring his presence and spoken dialogue are restored as in the original scene.",将身穿黑色礼服的男子放在链条网围栏前的前景中，确保他的出场和对话如原场景一样得到恢复。
benchmark_videos/73c756ebf15290b3e5961dad96dc0679_scene.mp4,subject_addition,"Place a man in a white collared shirt with a lavalier microphone into the scene, ensuring he is positioned to speak against the plain gray background wall.",将一名穿着白色衬衫、佩戴领夹麦克风的男子放入场景中，确保他的位置便于在灰色的背景墙前讲话。
benchmark_videos/34f5df46ee8864a94bbce51e27af0d67_scene.mp4,subject_addition,"Place a man with curly hair in a gray sweater over a light blue shirt holding a cell phone into the scene, with audible human speech, while keeping the staircase, flowers, and framed artwork as they are.",将一个卷发、穿灰色毛衣、里面穿浅蓝色衬衫、手里拿着手机的男人放入场景中，并有可听见的人类讲话声，同时保持楼梯、花卉和装框的艺术品不变。
benchmark_videos/2ca2f6e3146f6df104fa69ff62504e9b_scene.mp4,subject_addition,"Include a woman with long hair wearing a light-colored summer dress, sitting quietly in one of the striped lounge chairs in the background, facing the distant view without any extra movement, ensuring she blends naturally into the soft, misty lighting.",在背景的条纹躺椅上添加一位穿着浅色夏裙的长发女性，让她静静地坐着面向远方，没有任何多余的动作，确保她自然地融入柔和朦胧的光影中。
benchmark_videos/4eac4270c064524b931715428d1ebf3c_scene.mp4,subject_addition,"Include a woman with her brown hair tied in a messy bun, wearing a casual striped t-shirt and grey sweatpants, standing near the stainless steel refrigerator with her hands simple clasped, maintaining a quiet presence while facing slightly towards the left, ensuring all background elements remain unchanged.",添加一位棕色长发扎成凌乱发髻的女性，身穿休闲条纹T恤和灰色运动裤，安静地站在不锈钢冰箱旁，双手简单地交握，身体微侧向左方，保持静止，确保所有背景元素保持不变。
benchmark_videos/4fb76662172e6b66a982a2726e2a7041_scene.mp4,subject_addition,"Include a man in a black turtleneck sweater and charcoal grey trousers, standing centrally against the dark grey pleated curtain, his head slightly turned to the side in contemplation, hands clasped, while the original simple folds of the curtain background remain in soft focus.",在深灰色褶皱窗帘背景中央添加一名身穿黑色高领毛衣和炭灰色长裤的男子。他头部微侧，低头沉思，双手交握，而原本窗帘背景简单的褶皱保持柔焦效果。
benchmark_videos/5edb111cc9efa47be35288c704131954_scene.mp4,subject_addition,"Include a man in a grey shirt, standing behind the tree trunk on the left, looking out at the distant foliage without any movement, ensuring he blends naturally with the soft sunlight.",添加一位穿灰色衣服的男子，站在左侧的树干后面，凝视着远处的树叶，没有任何动作，确保他自然地融入柔和的阳光中。
benchmark_videos/6df8de15ea59870c60cff22fa8c2c0a0_scene.mp4,subject_addition,"Include a man in a black jacket, standing still in the center of the frame, facing the camera with a neutral expression, ensuring he is dimly lit to match the dark, moody background with its specific bokeh.",添加一位穿黑色夹克的男子，静止地站在画面中央，面无表情地看向镜头。确保他的灯光昏暗，以匹配带有特定散景的阴暗、忧郁的背景。
benchmark_videos/6f4ebb2004a2f822a7d56507a9a69f3b_scene.mp4,subject_addition,"Include a person in dark clothes standing in the center of the frame, facing the camera with a neutral expression, ensuring they remain stationary against the plain wall background with its light beige and cream vertical stripes.",添加一位穿深色衣服的人，静止地站在画面中央，面无表情地看向镜头。确保其在以浅米色和奶油色垂直条纹为特色的纯色墙壁背景下保持不动。
benchmark_videos/7b595e96cc4e16eeda154f999c706a6b_scene.mp4,subject_addition,"Add a person wearing white clothes, standing still in the center of the frame, looking at the camera with a blank expression.",添加一位穿白色衣服的人，静止地站在画面中央，面无表情地看向镜头。
benchmark_videos/8f4395479be0fad7ae761c0ca79715de_scene.mp4,subject_addition,"Add a person wearing black clothes, standing still, side-facing the person sitting in the center of the frame, smiling and looking down.",添加一位穿黑色衣服的人，静止地侧对着坐在画面中央，微笑地低着头。
benchmark_videos/18b8d1d4af4ce11a88151c5f93b18450_scene.mp4,subject_addition,Add a person wearing a military uniform walking from the left side of the screen to the right.,添加一位穿军装的人，从屏幕左侧向右走过。
benchmark_videos/27f213e6aaa31345f0706bfb1577f219_scene.mp4,subject_addition,"Add a bald man wearing red clothes, making a phone call in the center of the screen.",添加一位穿红色衣服的光头男人，在屏幕中央打着电话。
benchmark_videos/5ba9aa58c3fde27d685243e95dcf824c_scene.mp4,subject_addition,"Include a man with short brown hair and light facial hair inside the car. He is wearing a gray crew-neck sweater, sitting as a passenger, facing the camera, looking straight ahead. The soft backlight on the blurred car in the distance remains unchanged.",在汽车内添加一位短棕发、留着浅胡须的男子，他身穿灰色圆领毛衣，作为乘客坐着，面对镜头，看向正前方。远处模糊的车影上的柔和背光保持不变。
benchmark_videos/8b562981f25e99346908dcbbd66110f3_scene.mp4,subject_addition,"Add a old man wearing brown clothes, standing still and facing the person sitting in the center of the frame, looking down with a blank expression.",添加一位穿棕色衣服的老人，静止地面对着坐在画面中央，面无表情地低头看着。
benchmark_videos/b361ecd2b4ff2a9b1bee67f0856533ab.mp4,subject_removal,"Remove the woman wearing a white lab coat, a stethoscope, and looking confused or distressed from the source video, while preserving the background of a blurred office environment, a desk lamp, the water view outside the window, and small bottles on the window sill.",从原视频中移除这位身穿白色大褂、戴着听诊器、神情困惑或悲伤的女性，同时保留背景中模糊的办公室环境、桌上的台灯、窗外的水景以及窗台上的小瓶子。
benchmark_videos/b747c499abae442594258113e0b61843.mp4,subject_removal,"Remove the blonde woman wearing a yellow and red uniform and a prominent pearl necklace from the source video, while preserving the background blackboard with a handwritten menu, the coffee pot, and the indoor natural lighting environment.",从原视频中移除这位身穿黄红相间制服、佩戴夸张珍珠项链的金发女性，同时保留背景中带有手写菜单的黑板、咖啡壶以及室内的自然光影环境。
benchmark_videos/bd579086bb582712c7ed5300f6bacb79.mp4,subject_removal,"Remove the man wearing a white shirt and a dark tie from the source video, while preserving the blurred windows and curtain details in the background.",从原视频中移除这位身穿白衬衫、系着深色领带的男性，同时保留背景中模糊的窗户以及窗帘细节。
benchmark_videos/bfb5f86afce03c4d70127de317a0e2fe.mp4,subject_removal,"Remove the middle-aged woman wearing a black jacket and a red life vest who is speaking from the source video, while preserving the interior structure of the boat cabin and the blurred scenery outside the window in the background.",从原视频中移除这位身穿黑色外套和红色救生衣、正在说话的中年女性，同时保留背景中船舱内部的结构以及窗外模糊的景色。
benchmark_videos/d20b995754eadeedd2c6a582cc6947ac.mp4,subject_removal,"Remove the woman with short light-colored hair, wearing a blue patterned scarf and a serious expression from the source video, while preserving the hanging lamp, window, and overall indoor environment details in the background.",从原视频中移除这位留着浅色短发、戴着蓝色印花围巾且表情凝重的女性，同时保留背景中悬挂的吊灯、窗户以及整体的室内环境细节。
benchmark_videos/f07323afcec1ea9da84a43adb9bc453a.mp4,subject_removal,"Remove the man wearing a grey suit and a blue tie on the left side of the frame from the source video, while preserving the room's floor lamp, the leather sofa, and the partial view of the other person he is interacting with.",从原视频中移除画面左侧身穿灰色西装、系蓝色领带的男性，同时保留房间内的台灯、皮质沙发以及正在与其交谈的另一位人物的局部画面。
benchmark_videos/e957b94365dd3d7d6923370eccbe8843.mp4,subject_removal,"Remove the middle-aged man wearing a black and white checkered shirt with his hands clasped sitting on the sofa from the source video, while preserving the background white staircase railings, the picture frame on the wall, and the colorful sofa cushions.",从原视频中移除这位穿着黑白格纹衬衫、双手交叉并坐在沙发上的中年男性，同时保留背景中的白色楼梯扶手、墙上的画框以及沙发的彩色靠垫。
benchmark_videos/ddc9f9c90ba8661fb191b95f77a9dec6.mp4,subject_removal,"Remove the man wearing black-rimmed glasses with a serious expression on the right side of the frame from the source video, while preserving the blurred indoor lights and dark-toned environmental details in the background.",从原视频中移除画面右侧这位戴着黑框眼镜、神情严肃的男性，同时保留背景中模糊的室内灯光和暗色调的环境细节。
benchmark_videos/dc2614923aca535a1d2dd73411af02e2.mp4,subject_removal,"Remove the woman wearing a blue printed top, a grey cardigan, and a pearl necklace from the source video, while preserving the background elements such as the blue curtains, the bright window, and the decorative lamp on the right.",从原视频中移除这位身穿蓝色印花上衣、灰色开衫并戴着珍珠项链的女性，同时保留背景中的蓝色窗帘、透光的窗户以及右侧的灯具装饰。
benchmark_videos/d99b71b1cc5fc6e6fab1e87159ac3829.mp4,subject_removal,"Remove the woman with light-colored dreadlocks, forehead markings, and wearing a fur-collar coat from the source video, while preserving the misty forest and green vegetation in the background.",从原视频中移除这位留着浅色脏辫、额头带有印记且身穿皮草领大衣的女性，同时保留背景中充满雾气的森林和绿色植被效果。
benchmark_videos/dc68a697fc4bd5c4b5336c1ba75aed62.mp4,subject_removal,"Remove the woman with long brown hair, wearing a dark purple top and holding glasses from the source video, while preserving the other person, beige seating, and green plants in the background.",从原视频中移除这位棕色长发、身穿深紫色上衣并手持眼镜的女性，保留背景中另一位人物、米色座椅以及绿植等环境元素。
benchmark_videos/87dc5fff7c96cf36b0237eceeaadfd1e.mp4,subject_removal,"Remove the long-haired woman from the original video, keeping the blurred background environment.",从原视频中移除这位长发女人，保留背景中模糊的环境。
benchmark_videos/f6acdc6fd11bbdee80db219d21349400.mp4,subject_removal,"Remove the man wearing beige clothes from the original video, keeping the blurry factory environment in the background.",从原视频中移除这位身穿米黄色衣服的男人，保留背景中模糊的工厂环境。
benchmark_videos/0cee9bd2711e165a11b76db0fd4bdc58.mp4,subject_removal,"Remove the man wearing white from the original video, keeping the blurred view outside the window in the background.",从原视频中移除这位正穿白衣服的男性，保留背景中模糊的窗外景色。
benchmark_videos/0f19e4f00a0812374143bdbbf841cebd.mp4,subject_removal,"Remove the woman with blood on her face in the center of the screen from the original video, keeping the blurry hotel environment in the background.",从原视频中移除屏幕正中间脸上有血的女人，保留背景里模糊的酒店环境。
benchmark_videos/2a958e3aa2a0bd2dfdefbd85e438ce32.mp4,subject_removal,"Remove the smiling man on the left side of the original video, keeping the wooden room structure in the background.",从原视频中移除画面左侧的笑着的男人，保留背景里的木质房间结构。
benchmark_videos/5642cb2d17d94f32024751528d4d89e5.mp4,subject_removal,"Remove the man wearing a plaid shirt from the original video, keeping the blurred park scenery in the background.",从原视频中移除穿格子衬衫的男人，保留背景中模糊的公园景色
benchmark_videos/51110eacf66af398060bf8d13f71dcc3.mp4,subject_removal,"Remove the man in the center of the frame from the original video, keeping the white and yellow walls in the background.",从原视频中移除画面里正中间的男性，保留背景里白色和黄色的墙壁。
benchmark_videos/a61ced777c96e08e3ca9c92ae98e930b.mp4,subject_removal,"Remove the white-haired man in the center of the screen from the original video, keeping the blurry wooden clothes hanger in the background.",从原视频中移除屏幕正中间的白发男子，保留背景里模糊的木质衣架。
benchmark_videos/cee54c7142a74fddee5b4b003034be6a.mp4,subject_removal,"Remove the woman speaking in the center of the frame from the original video, keeping the bar stool she is sitting on and the bar environment in the background.",从原视频中移除画面中央正在说话的女人，保留女人坐着的酒吧凳子和背景里的酒吧环境。
benchmark_videos/d42e62f05483ac181374710e4fd84a0f.mp4,subject_removal,"Remove the woman in the center of the screen from the original video, keeping the blurred restaurant background environment.",从原视频中移除屏幕正中间的女人，保留模糊的餐厅背景环境。
benchmark_videos/d898ca7a01b164729c77a62a1e682ff3.mp4,subject_removal,"Remove the woman holding the white paper and the white paper in her hand from the original video, keeping the blurred background environment.",从原视频中移除这位拿着白纸的女人以及她手中的白纸，保留背景中模糊的环境。
benchmark_videos/6dda20d7da236717fd09c678fed2a0db.mp4,subject_removal,"Remove the girl in the center of the original video, keeping the yellow blurred background.",从原视频中移除画面中央的女孩，保留黄色的模糊背景。
benchmark_videos/393f2eae06a544fc4ba2839b14c0e227.mp4,subject_removal,"Remove the woman in the center of the frame from the original video, keeping the blurred courtroom background.",从原视频中移除画面正中央的女人，保留模糊的法院背景环境。
benchmark_videos/758fb970e17c90ab58c79f487c04e7ff.mp4,subject_removal,"Remove the woman crying in the center of the frame from the original video, keeping the walls and garden background.",从原视频中移除画面中央正在哭泣的女人，保留墙壁和花园背景。
